"","divergence","treatment","composition","...4","richness","temperature","nutrients","sample_ID","avg_w_sumslopes","abs_sum_slope","abs_mean_slope","magnitude","symmetry","sum_abs_slope","CV","mean_biomass"
"1",0,"Tmp_18_21_Nut0.01","CL",1,"2","18-21 °C","0.01 g/L","CL_Tmp_18_21_Nut0.01_1",0.0463718769917505,0.103754019772769,0.0518770098863844,0.0518770098863844,2,0.103754019772769,2.75975862261989,0.000224176675191331
"2",0,"Tmp_18_21_Nut0.01","CL",1,"2","18-21 °C","0.01 g/L","CL_Tmp_18_21_Nut0.01_2",0.0447853629751263,0.103754019772769,0.0518770098863844,0.0518770098863844,2,0.103754019772769,2.0210577731701,0.00021522256860632
"3",0,"Tmp_18_21_Nut0.01","CL",1,"2","18-21 °C","0.01 g/L","CL_Tmp_18_21_Nut0.01_3",0.0537282079955398,0.103754019772769,0.0518770098863844,0.0518770098863844,2,0.103754019772769,1.67421777293309,0.000240342287288095
"4",0,"Tmp_18_21_Nut0.01","DS",2,"2","18-21 °C","0.01 g/L","DS_Tmp_18_21_Nut0.01_1",0.0423431396981624,0.0546086882466961,0.0273043441233481,0.0273043441233481,2,0.0546086882466961,1.62778045390476,0.00122234891742099
"5",0,"Tmp_18_21_Nut0.01","DS",2,"2","18-21 °C","0.01 g/L","DS_Tmp_18_21_Nut0.01_2",0.0356921571050929,0.0546086882466961,0.0273043441233481,0.0273043441233481,2,0.0546086882466961,2.02049952910142,0.00136827747168085
"6",0,"Tmp_18_21_Nut0.01","DS",2,"2","18-21 °C","0.01 g/L","DS_Tmp_18_21_Nut0.01_3",0.0515318281561605,0.0546086882466961,0.0273043441233481,0.0273043441233481,2,0.0546086882466961,2.12936432149979,0.000875086321071138
"7",0.11146509649929,"Tmp_18_21_Nut0.01","DP",3,"2","18-21 °C","0.01 g/L","DP_Tmp_18_21_Nut0.01_1",0.0168021699941544,0.0196132995281306,0.00980664976406529,0.0110368762391082,0,0.0220737524782164,2.12829355473891,0.000579092060866493
"8",0.11146509649929,"Tmp_18_21_Nut0.01","DP",3,"2","18-21 °C","0.01 g/L","DP_Tmp_18_21_Nut0.01_2",0.020088110580316,0.0196132995281306,0.00980664976406529,0.0110368762391082,0,0.0220737524782164,1.44409051752095,0.000918762167585119
"9",0.11146509649929,"Tmp_18_21_Nut0.01","DP",3,"2","18-21 °C","0.01 g/L","DP_Tmp_18_21_Nut0.01_3",0.0208435260031735,0.0196132995281306,0.00980664976406529,0.0110368762391082,0,0.0220737524782164,1.67815312827986,0.000604874654738996
"10",0,"Tmp_18_21_Nut0.01","CLS",4,"3","18-21 °C","0.01 g/L","CLS_Tmp_18_21_Nut0.01_1",0.0535757812828425,0.157132481544422,0.0523774938481407,0.0523774938481407,3,0.157132481544422,1.41153709164366,0.00104950386793608
"11",0,"Tmp_18_21_Nut0.01","CLS",4,"3","18-21 °C","0.01 g/L","CLS_Tmp_18_21_Nut0.01_2",0.0561928611635075,0.157132481544422,0.0523774938481407,0.0523774938481407,3,0.157132481544422,1.18035252957313,0.00166012409731434
"12",0,"Tmp_18_21_Nut0.01","CLS",4,"3","18-21 °C","0.01 g/L","CLS_Tmp_18_21_Nut0.01_3",0.0538474635074293,0.157132481544422,0.0523774938481407,0.0523774938481407,3,0.157132481544422,1.81366120535808,0.00165483461065819
"13",0.467155436939251,"Tmp_18_21_Nut0.01","CLP",5,"3","18-21 °C","0.01 g/L","CLP_Tmp_18_21_Nut0.01_1",0.0369698974325782,0.0829104937695954,0.0276368312565318,0.0415325152586475,1,0.124597545775942,1.46553781548266,0.000478467722222232
"14",0.467155436939251,"Tmp_18_21_Nut0.01","CLP",5,"3","18-21 °C","0.01 g/L","CLP_Tmp_18_21_Nut0.01_2",0.0349844598851671,0.0829104937695954,0.0276368312565318,0.0415325152586475,1,0.124597545775942,1.18952120926624,0.000676155179220401
"15",0.467155436939251,"Tmp_18_21_Nut0.01","CLP",5,"3","18-21 °C","0.01 g/L","CLP_Tmp_18_21_Nut0.01_3",0.0405280989932631,0.0829104937695954,0.0276368312565318,0.0415325152586475,1,0.124597545775942,1.67014975364507,0.000380838398537345
"16",0.561653672397139,"Tmp_18_21_Nut0.01","DPS",6,"3","18-21 °C","0.01 g/L","DPS_Tmp_18_21_Nut0.01_1",0.0258497555904163,0.0337651622435226,0.0112550540811742,0.0251507380832899,1,0.0754522142498696,1.12607138515882,0.00163362878589708
"17",0.561653672397139,"Tmp_18_21_Nut0.01","DPS",6,"3","18-21 °C","0.01 g/L","DPS_Tmp_18_21_Nut0.01_2",0.0265122752872758,0.0337651622435226,0.0112550540811742,0.0251507380832899,1,0.0754522142498696,1.21923736655443,0.00171652844137356
"18",0.561653672397139,"Tmp_18_21_Nut0.01","DPS",6,"3","18-21 °C","0.01 g/L","DPS_Tmp_18_21_Nut0.01_3",0.0266736660887847,0.0337651622435226,0.0112550540811742,0.0251507380832899,1,0.0754522142498696,1.16478513720101,0.00219528233219837
"19",0,"Tmp_18_21_Nut0.01","CDLS",7,"4","18-21 °C","0.01 g/L","CDLS_Tmp_18_21_Nut0.01_1",0.0443019678900316,0.158362708019465,0.0395906770048663,0.0395906770048663,4,0.158362708019465,2.16446686432236,0.001096032031742
"20",0,"Tmp_18_21_Nut0.01","CDLS",7,"4","18-21 °C","0.01 g/L","CDLS_Tmp_18_21_Nut0.01_2",0.0256944414200321,0.158362708019465,0.0395906770048663,0.0395906770048663,4,0.158362708019465,1.85813484615368,0.000628732466823558
"21",0,"Tmp_18_21_Nut0.01","CDLS",7,"4","18-21 °C","0.01 g/L","CDLS_Tmp_18_21_Nut0.01_3",0.0458594557652855,0.158362708019465,0.0395906770048663,0.0395906770048663,4,0.158362708019465,1.3871059436086,0.000927405074361595
"22",0.467155436939251,"Tmp_18_21_Nut0.01","CLPS",8,"4","18-21 °C","0.01 g/L","CLPS_Tmp_18_21_Nut0.01_1",0.0451810355475116,0.136288955541249,0.0340722388853121,0.0444940018868989,2,0.177976007547596,1.47140333509953,0.000919308867212269
"23",0.467155436939251,"Tmp_18_21_Nut0.01","CLPS",8,"4","18-21 °C","0.01 g/L","CLPS_Tmp_18_21_Nut0.01_2",0.0306485834915174,0.136288955541249,0.0340722388853121,0.0444940018868989,2,0.177976007547596,1.10435955516691,0.00127956097385143
"24",0.467155436939251,"Tmp_18_21_Nut0.01","CLPS",8,"4","18-21 °C","0.01 g/L","CLPS_Tmp_18_21_Nut0.01_3",0.0407638774985369,0.136288955541249,0.0340722388853121,0.0444940018868989,2,0.177976007547596,1.35057280945704,0.00132117927486302
"25",0.561653672397139,"Tmp_18_21_Nut0.01","CDPS",9,"4","18-21 °C","0.01 g/L","CDPS_Tmp_18_21_Nut0.01_1",0.0280796232375545,0.0691267734460053,0.0172816933615013,0.0277034563630881,2,0.110813825452352,1.60803238435222,0.00223637861686005
"26",0.561653672397139,"Tmp_18_21_Nut0.01","CDPS",9,"4","18-21 °C","0.01 g/L","CDPS_Tmp_18_21_Nut0.01_2",0.02342149178188,0.0691267734460053,0.0172816933615013,0.0277034563630881,2,0.110813825452352,1.36550251841299,0.00168305470769569
"27",0.561653672397139,"Tmp_18_21_Nut0.01","CDPS",9,"4","18-21 °C","0.01 g/L","CDPS_Tmp_18_21_Nut0.01_3",0.0245127403377196,0.0691267734460053,0.0172816933615013,0.0277034563630881,2,0.110813825452352,1.27195788762791,0.00165229515386396
"28",0,"Tmp_18_21_Nut0.35","CD",10,"2","18-21 °C","0.35 g/L","CD_Tmp_18_21_Nut0.35_1",0.00820552739506407,0.011637664996282,0.00581883249814101,0.00581883249814101,2,0.011637664996282,0.965610584294853,0.01693930206798
"29",0,"Tmp_18_21_Nut0.35","CD",10,"2","18-21 °C","0.35 g/L","CD_Tmp_18_21_Nut0.35_2",0.00840508628314133,0.011637664996282,0.00581883249814101,0.00581883249814101,2,0.011637664996282,1.40305485600321,0.0169519108226704
"30",0,"Tmp_18_21_Nut0.35","CD",10,"2","18-21 °C","0.35 g/L","CD_Tmp_18_21_Nut0.35_3",0.008635796844448,0.011637664996282,0.00581883249814101,0.00581883249814101,2,0.011637664996282,1.05471411912184,0.0147144039820041
"31",0,"Tmp_18_21_Nut0.35","DL",11,"2","18-21 °C","0.35 g/L","DL_Tmp_18_21_Nut0.35_1",0.0348198008107792,0.0563911200077229,0.0281955600038614,0.0281955600038614,2,0.0563911200077229,0.558465890137056,0.0167150284963697
"32",0,"Tmp_18_21_Nut0.35","DL",11,"2","18-21 °C","0.35 g/L","DL_Tmp_18_21_Nut0.35_2",0.0353433034756134,0.0563911200077229,0.0281955600038614,0.0281955600038614,2,0.0563911200077229,0.553890618278928,0.016778598171929
"33",0,"Tmp_18_21_Nut0.35","DL",11,"2","18-21 °C","0.35 g/L","DL_Tmp_18_21_Nut0.35_3",0.0316867259250946,0.0563911200077229,0.0281955600038614,0.0281955600038614,2,0.0563911200077229,0.587833912189592,0.0128472666642322
"34",0,"Tmp_18_21_Nut0.35","LP",12,"2","18-21 °C","0.35 g/L","LP_Tmp_18_21_Nut0.35_1",0.0160270920701751,0.0550381159937367,0.0275190579968684,0.0275190579968684,2,0.0550381159937367,0.854083532431941,0.0216756106454288
"35",0,"Tmp_18_21_Nut0.35","LP",12,"2","18-21 °C","0.35 g/L","LP_Tmp_18_21_Nut0.35_2",0.0155197391759328,0.0550381159937367,0.0275190579968684,0.0275190579968684,2,0.0550381159937367,0.752855044287855,0.0195287902739475
"36",0,"Tmp_18_21_Nut0.35","LP",12,"2","18-21 °C","0.35 g/L","LP_Tmp_18_21_Nut0.35_3",0.0191421018562666,0.0550381159937367,0.0275190579968684,0.0275190579968684,2,0.0550381159937367,0.851156449254126,0.0161229543311829
"37",0,"Tmp_18_21_Nut0.35","CDS",13,"3","18-21 °C","0.35 g/L","CDS_Tmp_18_21_Nut0.35_1",0.0108411616725426,0.0407525803214504,0.0135841934404835,0.0135841934404835,3,0.0407525803214504,1.17311024470353,0.0222480311389067
"38",0,"Tmp_18_21_Nut0.35","CDS",13,"3","18-21 °C","0.35 g/L","CDS_Tmp_18_21_Nut0.35_2",0.0113345417160079,0.0407525803214504,0.0135841934404835,0.0135841934404835,3,0.0407525803214504,0.942518794272396,0.0181277299166321
"39",0,"Tmp_18_21_Nut0.35","CDS",13,"3","18-21 °C","0.35 g/L","CDS_Tmp_18_21_Nut0.35_3",0.0112359788210646,0.0407525803214504,0.0135841934404835,0.0135841934404835,3,0.0407525803214504,1.27825555730643,0.0153204803608294
"40",0,"Tmp_18_21_Nut0.35","DLS",14,"3","18-21 °C","0.35 g/L","DLS_Tmp_18_21_Nut0.35_1",0.028756528255353,0.0855060353328913,0.0285020117776304,0.0285020117776304,3,0.0855060353328913,1.30832844298425,0.0147431915189729
"41",0,"Tmp_18_21_Nut0.35","DLS",14,"3","18-21 °C","0.35 g/L","DLS_Tmp_18_21_Nut0.35_2",0.0277620525830046,0.0855060353328913,0.0285020117776304,0.0285020117776304,3,0.0855060353328913,1.06966162480584,0.0118900429798796
"42",0,"Tmp_18_21_Nut0.35","DLS",14,"3","18-21 °C","0.35 g/L","DLS_Tmp_18_21_Nut0.35_3",0.0301421755073016,0.0855060353328913,0.0285020117776304,0.0285020117776304,3,0.0855060353328913,0.853852031408923,0.00970561453819897
"43",0,"Tmp_18_21_Nut0.35","CLP",15,"3","18-21 °C","0.35 g/L","CLP_Tmp_18_21_Nut0.35_1",0.0156156301054121,0.0563692735089854,0.0187897578363285,0.0187897578363285,3,0.0563692735089854,0.789093957369179,0.0185396174077222
"44",0,"Tmp_18_21_Nut0.35","CLP",15,"3","18-21 °C","0.35 g/L","CLP_Tmp_18_21_Nut0.35_2",0.0127712654414925,0.0563692735089854,0.0187897578363285,0.0187897578363285,3,0.0563692735089854,1.14106575831665,0.0360127471521852
"45",0,"Tmp_18_21_Nut0.35","CLP",15,"3","18-21 °C","0.35 g/L","CLP_Tmp_18_21_Nut0.35_3",0.0152568871668852,0.0563692735089854,0.0187897578363285,0.0187897578363285,3,0.0563692735089854,0.807333710041086,0.0199878130613899
"46",0,"Tmp_18_21_Nut0.35","CDPS",16,"4","18-21 °C","0.35 g/L","CDPS_Tmp_18_21_Nut0.35_1",0.0100609667396484,0.0497060837884975,0.0124265209471244,0.0124265209471244,4,0.0497060837884975,0.986568064060518,0.0241096549718083
"47",0,"Tmp_18_21_Nut0.35","CDPS",16,"4","18-21 °C","0.35 g/L","CDPS_Tmp_18_21_Nut0.35_2",0.00984757818013924,0.0497060837884975,0.0124265209471244,0.0124265209471244,4,0.0497060837884975,0.951202110481385,0.0191308613947185
"48",0,"Tmp_18_21_Nut0.35","CDPS",16,"4","18-21 °C","0.35 g/L","CDPS_Tmp_18_21_Nut0.35_3",0.00852541216000396,0.0497060837884975,0.0124265209471244,0.0124265209471244,4,0.0497060837884975,0.716726772524217,0.019144042056655
"49",0,"Tmp_18_21_Nut0.35","CDLS",17,"4","18-21 °C","0.35 g/L","CDLS_Tmp_18_21_Nut0.35_1",0.0165080165506283,0.08683719284814,0.021709298212035,0.021709298212035,4,0.08683719284814,0.613234135939828,0.0136254099366014
"50",0,"Tmp_18_21_Nut0.35","CDLS",17,"4","18-21 °C","0.35 g/L","CDLS_Tmp_18_21_Nut0.35_2",0.0161429160387983,0.08683719284814,0.021709298212035,0.021709298212035,4,0.08683719284814,0.896969182872609,0.0160906350235815
"51",0,"Tmp_18_21_Nut0.35","CDLS",17,"4","18-21 °C","0.35 g/L","CDLS_Tmp_18_21_Nut0.35_3",0.0151740711620274,0.08683719284814,0.021709298212035,0.021709298212035,4,0.08683719284814,1.06647341336183,0.0144148335619136
"52",0,"Tmp_18_21_Nut0.35","CDLP",18,"4","18-21 °C","0.35 g/L","CDLP_Tmp_18_21_Nut0.35_1",0.0120000110614308,0.0666757809900187,0.0166689452475047,0.0166689452475047,4,0.0666757809900187,0.910511000370469,0.0165669770951283
"53",0,"Tmp_18_21_Nut0.35","CDLP",18,"4","18-21 °C","0.35 g/L","CDLP_Tmp_18_21_Nut0.35_2",0.0100429424199074,0.0666757809900187,0.0166689452475047,0.0166689452475047,4,0.0666757809900187,0.931106354908545,0.0221346006610162
"54",0,"Tmp_18_21_Nut0.35","CDLP",18,"4","18-21 °C","0.35 g/L","CDLP_Tmp_18_21_Nut0.35_3",0.0113171521035134,0.0666757809900187,0.0166689452475047,0.0166689452475047,4,0.0666757809900187,0.760981160355887,0.0161939250627033
"55",0,"Tmp_18_21_Nut0.75","LS",19,"2","18-21 °C","0.75 g/L","LS_Tmp_18_21_Nut0.75_1",0.00839409744338141,0.016919563631146,0.00845978181557302,0.00845978181557302,2,0.016919563631146,0.817181354271885,0.0620619014172596
"56",0,"Tmp_18_21_Nut0.75","LS",19,"2","18-21 °C","0.75 g/L","LS_Tmp_18_21_Nut0.75_2",0.00772881727483224,0.016919563631146,0.00845978181557302,0.00845978181557302,2,0.016919563631146,0.477026064184321,0.059006076870119
"57",0,"Tmp_18_21_Nut0.75","LS",19,"2","18-21 °C","0.75 g/L","LS_Tmp_18_21_Nut0.75_3",0.00781813264152501,0.016919563631146,0.00845978181557302,0.00845978181557302,2,0.016919563631146,0.441586033827661,0.0729127627273376
"58",0,"Tmp_18_21_Nut0.75","DS",20,"2","18-21 °C","0.75 g/L","DS_Tmp_18_21_Nut0.75_1",0.0163568078413718,0.0286549675545943,0.0143274837772972,0.0143274837772972,2,0.0286549675545943,0.576971676264112,0.0294155628992147
"59",0,"Tmp_18_21_Nut0.75","DS",20,"2","18-21 °C","0.75 g/L","DS_Tmp_18_21_Nut0.75_2",0.0200762420328613,0.0286549675545943,0.0143274837772972,0.0143274837772972,2,0.0286549675545943,0.770658406446551,0.021189153298241
"60",0,"Tmp_18_21_Nut0.75","DS",20,"2","18-21 °C","0.75 g/L","DS_Tmp_18_21_Nut0.75_3",0.0188732625318495,0.0286549675545943,0.0143274837772972,0.0143274837772972,2,0.0286549675545943,0.722501518058247,0.0240460577698055
"61",0,"Tmp_18_21_Nut0.75","LP",21,"2","18-21 °C","0.75 g/L","LP_Tmp_18_21_Nut0.75_1",0.0180166553843026,0.0320301835821898,0.0160150917910949,0.0160150917910949,2,0.0320301835821898,0.736118681613392,0.0423274703793724
"62",0,"Tmp_18_21_Nut0.75","LP",21,"2","18-21 °C","0.75 g/L","LP_Tmp_18_21_Nut0.75_2",0.0180701722519038,0.0320301835821898,0.0160150917910949,0.0160150917910949,2,0.0320301835821898,0.675895311345544,0.0518120308210601
"63",0,"Tmp_18_21_Nut0.75","LP",21,"2","18-21 °C","0.75 g/L","LP_Tmp_18_21_Nut0.75_3",0.0178042227801236,0.0320301835821898,0.0160150917910949,0.0160150917910949,2,0.0320301835821898,0.627396998197749,0.0441561970573052
"64",0.828967812955945,"Tmp_18_21_Nut0.75","CDP",22,"3","18-21 °C","0.75 g/L","CDP_Tmp_18_21_Nut0.75_1",0.0153584663742229,0.0265005668610447,0.0088335222870149,0.0203435360500772,1,0.0610306081502315,0.889964540871264,0.0380404213390618
"65",0.828967812955945,"Tmp_18_21_Nut0.75","CDP",22,"3","18-21 °C","0.75 g/L","CDP_Tmp_18_21_Nut0.75_2",0.0175219853227913,0.0265005668610447,0.0088335222870149,0.0203435360500772,1,0.0610306081502315,0.908202808875041,0.0293649446135603
"66",0.828967812955945,"Tmp_18_21_Nut0.75","CDP",22,"3","18-21 °C","0.75 g/L","CDP_Tmp_18_21_Nut0.75_3",0.0156516971014015,0.0265005668610447,0.0088335222870149,0.0203435360500772,1,0.0610306081502315,0.700828014196942,0.0413303656654982
"67",0,"Tmp_18_21_Nut0.75","DLS",23,"3","18-21 °C","0.75 g/L","DLS_Tmp_18_21_Nut0.75_1",0.0133976202938516,0.0413088035615913,0.0137696011871971,0.0137696011871971,3,0.0413088035615913,1.11967661334258,0.0341663571369393
"68",0,"Tmp_18_21_Nut0.75","DLS",23,"3","18-21 °C","0.75 g/L","DLS_Tmp_18_21_Nut0.75_2",0.0126439834611001,0.0413088035615913,0.0137696011871971,0.0137696011871971,3,0.0413088035615913,0.674724394063862,0.0276468693744441
"69",0,"Tmp_18_21_Nut0.75","DLS",23,"3","18-21 °C","0.75 g/L","DLS_Tmp_18_21_Nut0.75_3",0.0117816755263183,0.0413088035615913,0.0137696011871971,0.0137696011871971,3,0.0413088035615913,0.835872505185444,0.0343997438714792
"70",0.942378600112994,"Tmp_18_21_Nut0.75","CLP",24,"3","18-21 °C","0.75 g/L","CLP_Tmp_18_21_Nut0.75_1",0.00709930940126676,0.0147651629375964,0.0049217209791988,0.0164317347422611,1,0.0492952042267832,0.850623862569861,0.0426770875511006
"71",0.942378600112994,"Tmp_18_21_Nut0.75","CLP",24,"3","18-21 °C","0.75 g/L","CLP_Tmp_18_21_Nut0.75_2",0.00617983194497272,0.0147651629375964,0.0049217209791988,0.0164317347422611,1,0.0492952042267832,0.682547875057286,0.0520240239384545
"72",0.942378600112994,"Tmp_18_21_Nut0.75","CLP",24,"3","18-21 °C","0.75 g/L","CLP_Tmp_18_21_Nut0.75_3",0.00668557182705655,0.0147651629375964,0.0049217209791988,0.0164317347422611,1,0.0492952042267832,0.837447546597994,0.0568406215969822
"73",0.828967812955945,"Tmp_18_21_Nut0.75","CDPS",25,"4","18-21 °C","0.75 g/L","CDPS_Tmp_18_21_Nut0.75_1",0.0144403216829553,0.0307662944851937,0.00769157362129843,0.0163240839435951,2,0.0652963357743805,0.709940443376718,0.0409721356542315
"74",0.828967812955945,"Tmp_18_21_Nut0.75","CDPS",25,"4","18-21 °C","0.75 g/L","CDPS_Tmp_18_21_Nut0.75_2",0.014591711815043,0.0307662944851937,0.00769157362129843,0.0163240839435951,2,0.0652963357743805,0.840089750368781,0.0328561859671057
"75",0.828967812955945,"Tmp_18_21_Nut0.75","CDPS",25,"4","18-21 °C","0.75 g/L","CDPS_Tmp_18_21_Nut0.75_3",0.013475562466932,0.0307662944851937,0.00769157362129843,0.0163240839435951,2,0.0652963357743805,0.837993023527059,0.0383225447457317
"76",0.828967812955945,"Tmp_18_21_Nut0.75","CDLS",26,"4","18-21 °C","0.75 g/L","CDLS_Tmp_18_21_Nut0.75_1",0.0143337426146115,0.0240437829169979,0.00601094572924949,0.0146434560515462,2,0.0585738242061847,1.05478246617244,0.0284118046466734
"77",0.828967812955945,"Tmp_18_21_Nut0.75","CDLS",26,"4","18-21 °C","0.75 g/L","CDLS_Tmp_18_21_Nut0.75_2",0.0111695463266798,0.0240437829169979,0.00601094572924949,0.0146434560515462,2,0.0585738242061847,0.723643164282675,0.0269159423179898
"78",0.828967812955945,"Tmp_18_21_Nut0.75","CDLS",26,"4","18-21 °C","0.75 g/L","CDLS_Tmp_18_21_Nut0.75_3",0.0114910133169397,0.0240437829169979,0.00601094572924949,0.0146434560515462,2,0.0585738242061847,0.649524938368674,0.0341821954095983
"79",0.942378600112994,"Tmp_18_21_Nut0.75","CLPS",27,"4","18-21 °C","0.75 g/L","CLPS_Tmp_18_21_Nut0.75_1",0.00520692427136146,0.0190308905617454,0.00475772264043636,0.0133902329627331,2,0.0535609318509322,0.598854003003859,0.0428958110787669
"80",0.942378600112994,"Tmp_18_21_Nut0.75","CLPS",27,"4","18-21 °C","0.75 g/L","CLPS_Tmp_18_21_Nut0.75_2",0.00595954761874534,0.0190308905617454,0.00475772264043636,0.0133902329627331,2,0.0535609318509322,0.619628596577598,0.0590763529941178
"81",0.942378600112994,"Tmp_18_21_Nut0.75","CLPS",27,"4","18-21 °C","0.75 g/L","CLPS_Tmp_18_21_Nut0.75_3",0.00623364064735604,0.0190308905617454,0.00475772264043636,0.0133902329627331,2,0.0535609318509322,1.01264220356538,0.0527341575662217
"82",0,"Tmp_22_25_Nut0.01","CP",28,"2","22-25 °C","0.01 g/L","CP_Tmp_22_25_Nut0.01_1",0.120385509322264,0.343933493642004,0.171966746821002,0.171966746821002,2,0.343933493642004,2.72310474735648,0.000211272097118227
"83",0,"Tmp_22_25_Nut0.01","CP",28,"2","22-25 °C","0.01 g/L","CP_Tmp_22_25_Nut0.01_2",0.196615465038148,0.343933493642004,0.171966746821002,0.171966746821002,2,0.343933493642004,1.70661162023681,0.000464250704945962
"84",0,"Tmp_22_25_Nut0.01","CP",28,"2","22-25 °C","0.01 g/L","CP_Tmp_22_25_Nut0.01_3",0.149860502178686,0.343933493642004,0.171966746821002,0.171966746821002,2,0.343933493642004,1.36590920575865,0.000607522244069462
"85",0,"Tmp_22_25_Nut0.01","CS",29,"2","22-25 °C","0.01 g/L","CS_Tmp_22_25_Nut0.01_1",0.273164026186534,0.343911411862837,0.171955705931418,0.171955705931418,2,0.343911411862837,2.73489730105863,0.000755019749160406
"86",0,"Tmp_22_25_Nut0.01","CS",29,"2","22-25 °C","0.01 g/L","CS_Tmp_22_25_Nut0.01_2",0.0687858703408872,0.343911411862837,0.171955705931418,0.171955705931418,2,0.343911411862837,1.53617392594692,0.00139085744332846
"87",0,"Tmp_22_25_Nut0.01","CS",29,"2","22-25 °C","0.01 g/L","CS_Tmp_22_25_Nut0.01_3",0.229318844591031,0.343911411862837,0.171955705931418,0.171955705931418,2,0.343911411862837,1.87300210090297,0.000962052177287329
"88",0,"Tmp_22_25_Nut0.01","DS",30,"2","22-25 °C","0.01 g/L","DS_Tmp_22_25_Nut0.01_1",0.0174779488788028,0.0411708308184525,0.0205854154092262,0.0205854154092262,2,0.0411708308184525,2.30332719840207,0.000964648070847079
"89",0,"Tmp_22_25_Nut0.01","DS",30,"2","22-25 °C","0.01 g/L","DS_Tmp_22_25_Nut0.01_2",0.0177081433317142,0.0411708308184525,0.0205854154092262,0.0205854154092262,2,0.0411708308184525,2.16368991249798,0.000766855948254609
"90",0,"Tmp_22_25_Nut0.01","DS",30,"2","22-25 °C","0.01 g/L","DS_Tmp_22_25_Nut0.01_3",0.0191219496312366,0.0411708308184525,0.0205854154092262,0.0205854154092262,2,0.0411708308184525,2.048977744407,0.000880685835131057
"91",0,"Tmp_22_25_Nut0.01","CDP",31,"3","22-25 °C","0.01 g/L","CDP_Tmp_22_25_Nut0.01_1",0.0804698881128827,0.367903371914835,0.122634457304945,0.122634457304945,3,0.367903371914835,2.14024503896861,0.000352489795198674
"92",0,"Tmp_22_25_Nut0.01","CDP",31,"3","22-25 °C","0.01 g/L","CDP_Tmp_22_25_Nut0.01_2",0.0487437355385993,0.367903371914835,0.122634457304945,0.122634457304945,3,0.367903371914835,1.27188493430239,0.000901297170563565
"93",0,"Tmp_22_25_Nut0.01","CDP",31,"3","22-25 °C","0.01 g/L","CDP_Tmp_22_25_Nut0.01_3",0.0236256273520625,0.367903371914835,0.122634457304945,0.122634457304945,3,0.367903371914835,2.29171437063552,0.00034471885217418
"94",0,"Tmp_22_25_Nut0.01","DLS",32,"3","22-25 °C","0.01 g/L","DLS_Tmp_22_25_Nut0.01_1",0.0141208724636674,0.0493064607123063,0.0164354869041021,0.0164354869041021,3,0.0493064607123063,1.67821278883835,0.00127314046585133
"95",0,"Tmp_22_25_Nut0.01","DLS",32,"3","22-25 °C","0.01 g/L","DLS_Tmp_22_25_Nut0.01_2",0.0141791783283657,0.0493064607123063,0.0164354869041021,0.0164354869041021,3,0.0493064607123063,1.71781102472207,0.000934964814937651
"96",0,"Tmp_22_25_Nut0.01","DLS",32,"3","22-25 °C","0.01 g/L","DLS_Tmp_22_25_Nut0.01_3",0.0172565764994313,0.0493064607123063,0.0164354869041021,0.0164354869041021,3,0.0493064607123063,2.06216718951306,0.000983737677734668
"97",0,"Tmp_22_25_Nut0.01","CDL",33,"3","22-25 °C","0.01 g/L","CDL_Tmp_22_25_Nut0.01_1",0.0404008946965833,0.3588159674839,0.119605322494633,0.119605322494633,3,0.3588159674839,2.20525589547036,9.31152949415161e-05
"98",0,"Tmp_22_25_Nut0.01","CDL",33,"3","22-25 °C","0.01 g/L","CDL_Tmp_22_25_Nut0.01_2",0.0169404790737675,0.3588159674839,0.119605322494633,0.119605322494633,3,0.3588159674839,2.77425009516579,0.000280347424805838
"99",0,"Tmp_22_25_Nut0.01","CDL",33,"3","22-25 °C","0.01 g/L","CDL_Tmp_22_25_Nut0.01_3",0.0618872231680561,0.3588159674839,0.119605322494633,0.119605322494633,3,0.3588159674839,2.04238536372177,0.000198715375963845
"100",0,"Tmp_22_25_Nut0.01","CDPS",34,"4","22-25 °C","0.01 g/L","CDPS_Tmp_22_25_Nut0.01_1",0.0201727537152898,0.385104324460457,0.0962760811151142,0.0962760811151142,4,0.385104324460457,1.36205573308126,0.00211051502935314
"101",0,"Tmp_22_25_Nut0.01","CDPS",34,"4","22-25 °C","0.01 g/L","CDPS_Tmp_22_25_Nut0.01_2",0.0199845170566379,0.385104324460457,0.0962760811151142,0.0962760811151142,4,0.385104324460457,1.54771177261743,0.00103502551897819
"102",0,"Tmp_22_25_Nut0.01","CDPS",34,"4","22-25 °C","0.01 g/L","CDPS_Tmp_22_25_Nut0.01_3",0.0182112453185332,0.385104324460457,0.0962760811151142,0.0962760811151142,4,0.385104324460457,1.43442608365318,0.00131739219521232
"103",0,"Tmp_22_25_Nut0.01","CLPS",35,"4","22-25 °C","0.01 g/L","CLPS_Tmp_22_25_Nut0.01_1",0.0304218327985879,0.36927007608148,0.0923175190203699,0.0923175190203699,4,0.36927007608148,1.52654796127645,0.00120483846179593
"104",0,"Tmp_22_25_Nut0.01","CLPS",35,"4","22-25 °C","0.01 g/L","CLPS_Tmp_22_25_Nut0.01_2",0.0527885681160951,0.36927007608148,0.0923175190203699,0.0923175190203699,4,0.36927007608148,1.15350637199324,0.00124783234076865
"105",0,"Tmp_22_25_Nut0.01","CLPS",35,"4","22-25 °C","0.01 g/L","CLPS_Tmp_22_25_Nut0.01_3",0.0171446002193914,0.36927007608148,0.0923175190203699,0.0923175190203699,4,0.36927007608148,1.11341197649037,0.00251866727145877
"106",0,"Tmp_22_25_Nut0.01","CDLS",36,"4","22-25 °C","0.01 g/L","CDLS_Tmp_22_25_Nut0.01_1",0.0196713350617182,0.376016920029521,0.0940042300073803,0.0940042300073803,4,0.376016920029521,1.76665574157174,0.00128160435490742
"107",0,"Tmp_22_25_Nut0.01","CDLS",36,"4","22-25 °C","0.01 g/L","CDLS_Tmp_22_25_Nut0.01_2",0.0189954871401202,0.376016920029521,0.0940042300073803,0.0940042300073803,4,0.376016920029521,1.51980517061515,0.00106578460716442
"108",0,"Tmp_22_25_Nut0.01","CDLS",36,"4","22-25 °C","0.01 g/L","CDLS_Tmp_22_25_Nut0.01_3",0.01631537450153,0.376016920029521,0.0940042300073803,0.0940042300073803,4,0.376016920029521,3.22012992894532,0.000395829454909626
"109",0,"Tmp_22_25_Nut0.35","CD",37,"2","22-25 °C","0.35 g/L","CD_Tmp_22_25_Nut0.35_1",0.0429916274605998,0.164670202179308,0.082335101089654,0.082335101089654,2,0.164670202179308,1.36849454919339,0.00923707830682115
"110",0,"Tmp_22_25_Nut0.35","CD",37,"2","22-25 °C","0.35 g/L","CD_Tmp_22_25_Nut0.35_2",0.0402235350995925,0.164670202179308,0.082335101089654,0.082335101089654,2,0.164670202179308,1.22518984995362,0.00952226990965537
"111",0,"Tmp_22_25_Nut0.35","CD",37,"2","22-25 °C","0.35 g/L","CD_Tmp_22_25_Nut0.35_3",0.0379832027549182,0.164670202179308,0.082335101089654,0.082335101089654,2,0.164670202179308,1.43555768327312,0.00713937232041086
"112",0.74116173377466,"Tmp_22_25_Nut0.35","LS",38,"2","22-25 °C","0.35 g/L","LS_Tmp_22_25_Nut0.35_1",0.0262903242929373,0.0161380668641875,0.00806903343209375,0.0311740360100736,0,0.0623480720201473,0.552045465564643,0.0183351255629426
"113",0.74116173377466,"Tmp_22_25_Nut0.35","LS",38,"2","22-25 °C","0.35 g/L","LS_Tmp_22_25_Nut0.35_2",0.0200785289509684,0.0161380668641875,0.00806903343209375,0.0311740360100736,0,0.0623480720201473,0.6703233112433,0.020804982037727
"114",0.74116173377466,"Tmp_22_25_Nut0.35","LS",38,"2","22-25 °C","0.35 g/L","LS_Tmp_22_25_Nut0.35_3",0.0224690852721741,0.0161380668641875,0.00806903343209375,0.0311740360100736,0,0.0623480720201473,0.588116887906333,0.0178242282044148
"115",0.526260211792745,"Tmp_22_25_Nut0.35","DL",39,"2","22-25 °C","0.35 g/L","DL_Tmp_22_25_Nut0.35_1",0.0244802941617262,0.0252296959814733,0.0126148479907366,0.0266282214514307,0,0.0532564429028615,1.12823037630034,0.0137602047529574
"116",0.526260211792745,"Tmp_22_25_Nut0.35","DL",39,"2","22-25 °C","0.35 g/L","DL_Tmp_22_25_Nut0.35_2",0.0240984356130564,0.0252296959814733,0.0126148479907366,0.0266282214514307,0,0.0532564429028615,1.00189175123416,0.012983790974362
"117",0.526260211792745,"Tmp_22_25_Nut0.35","DL",39,"2","22-25 °C","0.35 g/L","DL_Tmp_22_25_Nut0.35_3",0.0211053399780248,0.0252296959814733,0.0126148479907366,0.0266282214514307,0,0.0532564429028615,1.21155164480429,0.014299141827691
"118",0,"Tmp_22_25_Nut0.35","CDS",40,"3","22-25 °C","0.35 g/L","CDS_Tmp_22_25_Nut0.35_1",0.0376507869717405,0.187775204757288,0.062591734919096,0.062591734919096,3,0.187775204757288,1.44248531442452,0.0134353962333265
"119",0,"Tmp_22_25_Nut0.35","CDS",40,"3","22-25 °C","0.35 g/L","CDS_Tmp_22_25_Nut0.35_2",0.0398147996048995,0.187775204757288,0.062591734919096,0.062591734919096,3,0.187775204757288,1.40693661055627,0.0153614553850873
"120",0,"Tmp_22_25_Nut0.35","CDS",40,"3","22-25 °C","0.35 g/L","CDS_Tmp_22_25_Nut0.35_3",0.0372659695258194,0.187775204757288,0.062591734919096,0.062591734919096,3,0.187775204757288,1.58018562690977,0.0178253021884421
"121",0.413302690757018,"Tmp_22_25_Nut0.35","CDL",41,"3","22-25 °C","0.35 g/L","CDL_Tmp_22_25_Nut0.35_1",0.0282845378066378,0.125427132737141,0.0418090442457136,0.0679710905404918,1,0.203913271621475,1.33272205999152,0.00883152662829991
"122",0.413302690757018,"Tmp_22_25_Nut0.35","CDL",41,"3","22-25 °C","0.35 g/L","CDL_Tmp_22_25_Nut0.35_2",0.0269079254196083,0.125427132737141,0.0418090442457136,0.0679710905404918,1,0.203913271621475,1.34391012762229,0.0088213326455931
"123",0.413302690757018,"Tmp_22_25_Nut0.35","CDL",41,"3","22-25 °C","0.35 g/L","CDL_Tmp_22_25_Nut0.35_3",0.0227883808230309,0.125427132737141,0.0418090442457136,0.0679710905404918,1,0.203913271621475,1.17473789851764,0.00763654959100046
"124",0.74116173377466,"Tmp_22_25_Nut0.35","DLS",42,"3","22-25 °C","0.35 g/L","DLS_Tmp_22_25_Nut0.35_1",0.0191816369187001,0.0021246934034934,0.0007082311344978,0.0254538151602805,1,0.0763614454808414,1.12986863726346,0.0109217898315312
"125",0.74116173377466,"Tmp_22_25_Nut0.35","DLS",42,"3","22-25 °C","0.35 g/L","DLS_Tmp_22_25_Nut0.35_2",0.0114164475335456,0.0021246934034934,0.0007082311344978,0.0254538151602805,1,0.0763614454808414,1.23436950221006,0.00826465499151803
"126",0.74116173377466,"Tmp_22_25_Nut0.35","DLS",42,"3","22-25 °C","0.35 g/L","DLS_Tmp_22_25_Nut0.35_3",0.0142748970787334,0.0021246934034934,0.0007082311344978,0.0254538151602805,1,0.0763614454808414,1.13832236299448,0.00836993723937125
"127",0,"Tmp_22_25_Nut0.35","CDPS",43,"4","22-25 °C","0.35 g/L","CDPS_Tmp_22_25_Nut0.35_1",0.0237730034558845,0.198283020170761,0.0495707550426903,0.0495707550426903,4,0.198283020170761,1.31759697278867,0.0204714965623706
"128",0,"Tmp_22_25_Nut0.35","CDPS",43,"4","22-25 °C","0.35 g/L","CDPS_Tmp_22_25_Nut0.35_2",0.0229857658921043,0.198283020170761,0.0495707550426903,0.0495707550426903,4,0.198283020170761,0.834663691702975,0.0131231769889336
"129",0,"Tmp_22_25_Nut0.35","CDPS",43,"4","22-25 °C","0.35 g/L","CDPS_Tmp_22_25_Nut0.35_3",0.0227716410833257,0.198283020170761,0.0495707550426903,0.0495707550426903,4,0.198283020170761,1.03753689218297,0.0177067654515774
"130",0.413302690757018,"Tmp_22_25_Nut0.35","CLPS",44,"4","22-25 °C","0.35 g/L","CLPS_Tmp_22_25_Nut0.35_1",0.0307514724484495,0.1450265772679,0.036256644316975,0.0558781790380587,2,0.223512716152235,0.992094496596285,0.0196415109939436
"131",0.413302690757018,"Tmp_22_25_Nut0.35","CLPS",44,"4","22-25 °C","0.35 g/L","CLPS_Tmp_22_25_Nut0.35_2",0.0278402602309415,0.1450265772679,0.036256644316975,0.0558781790380587,2,0.223512716152235,1.09209430714567,0.0168785670326031
"132",0.413302690757018,"Tmp_22_25_Nut0.35","CLPS",44,"4","22-25 °C","0.35 g/L","CLPS_Tmp_22_25_Nut0.35_3",0.0293352801675558,0.1450265772679,0.036256644316975,0.0558781790380587,2,0.223512716152235,1.065694393599,0.0209260620843863
"133",0.74116173377466,"Tmp_22_25_Nut0.35","DLPS",45,"4","22-25 °C","0.35 g/L","DLPS_Tmp_22_25_Nut0.35_1",0.00959736974251359,0.00838312200998,0.002095780502495,0.0217173152235787,2,0.0868692608943148,0.890383278875912,0.0148812853108157
"134",0.74116173377466,"Tmp_22_25_Nut0.35","DLPS",45,"4","22-25 °C","0.35 g/L","DLPS_Tmp_22_25_Nut0.35_2",0.00921583077790617,0.00838312200998,0.002095780502495,0.0217173152235787,2,0.0868692608943148,1.1893771221424,0.0172529326445634
"135",0.74116173377466,"Tmp_22_25_Nut0.35","DLPS",45,"4","22-25 °C","0.35 g/L","DLPS_Tmp_22_25_Nut0.35_3",0.009187996921832,0.00838312200998,0.002095780502495,0.0217173152235787,2,0.0868692608943148,1.02424204404981,0.0118602433984851
"136",0.920955093084263,"Tmp_22_25_Nut0.75","LS",46,"2","22-25 °C","0.75 g/L","LS_Tmp_22_25_Nut0.75_1",0.0240829536797265,0.0047073364961182,0.0023536682480591,0.0297763428397494,0,0.0595526856794988,0.524644702450897,0.0518670504242853
"137",0.920955093084263,"Tmp_22_25_Nut0.75","LS",46,"2","22-25 °C","0.75 g/L","LS_Tmp_22_25_Nut0.75_2",0.0207767327651408,0.0047073364961182,0.0023536682480591,0.0297763428397494,0,0.0595526856794988,0.4279476827595,0.0554202056941849
"138",0.920955093084263,"Tmp_22_25_Nut0.75","LS",46,"2","22-25 °C","0.75 g/L","LS_Tmp_22_25_Nut0.75_3",0.020184617393549,0.0047073364961182,0.0023536682480591,0.0297763428397494,0,0.0595526856794988,0.760818600874388,0.0519669754921206
"139",0,"Tmp_22_25_Nut0.75","CP",47,"2","22-25 °C","0.75 g/L","CP_Tmp_22_25_Nut0.75_1",0.0149209891967165,0.0354352987495648,0.0177176493747824,0.0177176493747824,2,0.0354352987495648,0.890713529710324,0.0389518198185456
"140",0,"Tmp_22_25_Nut0.75","CP",47,"2","22-25 °C","0.75 g/L","CP_Tmp_22_25_Nut0.75_2",0.0164469254160271,0.0354352987495648,0.0177176493747824,0.0177176493747824,2,0.0354352987495648,0.900851538880101,0.04271773872771
"141",0,"Tmp_22_25_Nut0.75","CP",47,"2","22-25 °C","0.75 g/L","CP_Tmp_22_25_Nut0.75_3",0.0157934470507885,0.0354352987495648,0.0177176493747824,0.0177176493747824,2,0.0354352987495648,1.03665315459286,0.0368762893309813
"142",0,"Tmp_22_25_Nut0.75","PS",48,"2","22-25 °C","0.75 g/L","PS_Tmp_22_25_Nut0.75_1",0.0100140560128236,0.034838198950827,0.0174190994754135,0.0174190994754135,2,0.034838198950827,0.817915935791129,0.0400361705351598
"143",0,"Tmp_22_25_Nut0.75","PS",48,"2","22-25 °C","0.75 g/L","PS_Tmp_22_25_Nut0.75_2",0.01231227155069,0.034838198950827,0.0174190994754135,0.0174190994754135,2,0.034838198950827,0.893131615448005,0.0412525613339945
"144",0,"Tmp_22_25_Nut0.75","PS",48,"2","22-25 °C","0.75 g/L","PS_Tmp_22_25_Nut0.75_3",0.00916994268603662,0.034838198950827,0.0174190994754135,0.0174190994754135,2,0.034838198950827,1.16888004588739,0.0411046983666428
"145",0,"Tmp_22_25_Nut0.75","CDS",49,"3","22-25 °C","0.75 g/L","CDS_Tmp_22_25_Nut0.75_1",0.0200587987493277,0.0668994979602417,0.0222998326534139,0.0222998326534139,3,0.0668994979602417,1.07845267416636,0.0392968626621176
"146",0,"Tmp_22_25_Nut0.75","CDS",49,"3","22-25 °C","0.75 g/L","CDS_Tmp_22_25_Nut0.75_2",0.0205045483197568,0.0668994979602417,0.0222998326534139,0.0222998326534139,3,0.0668994979602417,1.1254622463773,0.0414968912884515
"147",0,"Tmp_22_25_Nut0.75","CDS",49,"3","22-25 °C","0.75 g/L","CDS_Tmp_22_25_Nut0.75_3",0.0218946328237491,0.0668994979602417,0.0222998326534139,0.0222998326534139,3,0.0668994979602417,1.32040450640484,0.0352090946850281
"148",0.931666644116835,"Tmp_22_25_Nut0.75","CLP",50,"3","22-25 °C","0.75 g/L","CLP_Tmp_22_25_Nut0.75_1",0.00598759923958272,0.00330528766175633,0.00110176255391878,0.0225217699457911,1,0.0675653098373733,1.05778531272164,0.0287169588642353
"149",0.931666644116835,"Tmp_22_25_Nut0.75","CLP",50,"3","22-25 °C","0.75 g/L","CLP_Tmp_22_25_Nut0.75_2",0.00743712952821858,0.00330528766175633,0.00110176255391878,0.0225217699457911,1,0.0675653098373733,0.948425326147156,0.0349908852603928
"150",0.931666644116835,"Tmp_22_25_Nut0.75","CLP",50,"3","22-25 °C","0.75 g/L","CLP_Tmp_22_25_Nut0.75_3",0.00705856669297352,0.00330528766175633,0.00110176255391878,0.0225217699457911,1,0.0675653098373733,1.12677121968394,0.0336304344384778
"151",0.920955093084263,"Tmp_22_25_Nut0.75","LPS",51,"3","22-25 °C","0.75 g/L","LPS_Tmp_22_25_Nut0.75_1",0.00875105667626307,0.00270818786301853,0.000902729287672844,0.0223227366795452,1,0.0669682100386355,0.830606493569753,0.0337876484587374
"152",0.920955093084263,"Tmp_22_25_Nut0.75","LPS",51,"3","22-25 °C","0.75 g/L","LPS_Tmp_22_25_Nut0.75_2",0.00567063195241788,0.00270818786301853,0.000902729287672844,0.0223227366795452,1,0.0669682100386355,0.997743149843205,0.0378684113067541
"153",0.920955093084263,"Tmp_22_25_Nut0.75","LPS",51,"3","22-25 °C","0.75 g/L","LPS_Tmp_22_25_Nut0.75_3",0.00659425055132602,0.00270818786301853,0.000902729287672844,0.0223227366795452,1,0.0669682100386355,0.93828030572286,0.0387891636302191
"154",0.931666644116835,"Tmp_22_25_Nut0.75","CDLS",52,"4","22-25 °C","0.75 g/L","CDLS_Tmp_22_25_Nut0.75_1",0.0126170980282276,0.0347694868724332,0.0086923717181083,0.0247573772620125,2,0.0990295090480502,1.0982493001594,0.0239953632953
"155",0.931666644116835,"Tmp_22_25_Nut0.75","CDLS",52,"4","22-25 °C","0.75 g/L","CDLS_Tmp_22_25_Nut0.75_2",0.0137045096933795,0.0347694868724332,0.0086923717181083,0.0247573772620125,2,0.0990295090480502,1.16875745716439,0.0333669079895674
"156",0.931666644116835,"Tmp_22_25_Nut0.75","CDLS",52,"4","22-25 °C","0.75 g/L","CDLS_Tmp_22_25_Nut0.75_3",0.0114126914281744,0.0347694868724332,0.0086923717181083,0.0247573772620125,2,0.0990295090480502,1.18127226608547,0.018385871355461
"157",0.931666644116835,"Tmp_22_25_Nut0.75","CLPS",53,"4","22-25 °C","0.75 g/L","CLPS_Tmp_22_25_Nut0.75_1",0.00669514230671737,0.0307279622534466,0.00768199056336166,0.0237469961072659,2,0.0949879844290636,1.03831068355302,0.0319155985212711
"158",0.931666644116835,"Tmp_22_25_Nut0.75","CLPS",53,"4","22-25 °C","0.75 g/L","CLPS_Tmp_22_25_Nut0.75_2",0.00814232654790864,0.0307279622534466,0.00768199056336166,0.0237469961072659,2,0.0949879844290636,0.949571290521591,0.0342129211516388
"159",0.931666644116835,"Tmp_22_25_Nut0.75","CLPS",53,"4","22-25 °C","0.75 g/L","CLPS_Tmp_22_25_Nut0.75_3",0.00772725002189092,0.0307279622534466,0.00768199056336166,0.0237469961072659,2,0.0949879844290636,1.22184377156782,0.0341303232550527
"160",0.920955093084263,"Tmp_22_25_Nut0.75","DLPS",54,"4","22-25 °C","0.75 g/L","DLPS_Tmp_22_25_Nut0.75_1",0.00649795762468968,0.0141652368411418,0.00354130921028546,0.0196063147541897,2,0.0784252590167588,1.05052786042954,0.0216114960403416
"161",0.920955093084263,"Tmp_22_25_Nut0.75","DLPS",54,"4","22-25 °C","0.75 g/L","DLPS_Tmp_22_25_Nut0.75_2",0.0065652286740426,0.0141652368411418,0.00354130921028546,0.0196063147541897,2,0.0784252590167588,1.11717096082591,0.0271066427024123
"162",0.920955093084263,"Tmp_22_25_Nut0.75","DLPS",54,"4","22-25 °C","0.75 g/L","DLPS_Tmp_22_25_Nut0.75_3",0.00545482503272084,0.0141652368411418,0.00354130921028546,0.0196063147541897,2,0.0784252590167588,0.821239010370852,0.0210214225093146
"163",0.273740239997914,"Tmp_25_28_Nut0.01","CP",55,"2","25-28 °C","0.01 g/L","CP_Tmp_25_28_Nut0.01_1",0.104730531140006,0.237395736732363,0.118697868366182,0.163437209251192,0,0.326874418502385,1.65259702104887,0.000178092929769962
"164",0.273740239997914,"Tmp_25_28_Nut0.01","CP",55,"2","25-28 °C","0.01 g/L","CP_Tmp_25_28_Nut0.01_2",0.0337520737448523,0.237395736732363,0.118697868366182,0.163437209251192,0,0.326874418502385,2.1871068647083,0.000347993234516744
"165",0.273740239997914,"Tmp_25_28_Nut0.01","CP",55,"2","25-28 °C","0.01 g/L","CP_Tmp_25_28_Nut0.01_3",0.163437209251192,0.237395736732363,0.118697868366182,0.163437209251192,0,0.326874418502385,1.79766651345178,0.00012130834336209
"166",0.20742176410139,"Tmp_25_28_Nut0.01","CD",56,"2","25-28 °C","0.01 g/L","CD_Tmp_25_28_Nut0.01_1",0.115809191899663,0.249488828576566,0.124744414288283,0.157390663329091,0,0.314781326658182,2.27638359406222,0.000162727756730354
"167",0.20742176410139,"Tmp_25_28_Nut0.01","CD",56,"2","25-28 °C","0.01 g/L","CD_Tmp_25_28_Nut0.01_2",0.032646249040808,0.249488828576566,0.124744414288283,0.157390663329091,0,0.314781326658182,2.35627679643173,0.000143547768821639
"168",0.20742176410139,"Tmp_25_28_Nut0.01","CD",56,"2","25-28 °C","0.01 g/L","CD_Tmp_25_28_Nut0.01_3",0.157390663329091,0.249488828576566,0.124744414288283,0.157390663329091,0,0.314781326658182,2.55360424922155,0.000104567955027659
"169",0,"Tmp_25_28_Nut0.01","DS",57,"2","25-28 °C","0.01 g/L","DS_Tmp_25_28_Nut0.01_1",0.0497320741590833,0.100714232436723,0.0503571162183616,0.0503571162183616,2,0.100714232436723,3.56167207558481,0.000240321787846741
"170",0,"Tmp_25_28_Nut0.01","DS",57,"2","25-28 °C","0.01 g/L","DS_Tmp_25_28_Nut0.01_2",0.0554180100371619,0.100714232436723,0.0503571162183616,0.0503571162183616,2,0.100714232436723,2.51780209476976,0.000433532523928692
"171",0,"Tmp_25_28_Nut0.01","DS",57,"2","25-28 °C","0.01 g/L","DS_Tmp_25_28_Nut0.01_3",0.0427596724294472,0.100714232436723,0.0503571162183616,0.0503571162183616,2,0.100714232436723,3.6204719006209,0.000192202845171128
"172",0.388734371418485,"Tmp_25_28_Nut0.01","CPS",58,"3","25-28 °C","0.01 g/L","CPS_Tmp_25_28_Nut0.01_1",0.101363461132379,0.169327753336448,0.0564425844454827,0.131647467299433,1,0.3949424018983,1.34878424802024,0.000469202734965584
"173",0.388734371418485,"Tmp_25_28_Nut0.01","CPS",58,"3","25-28 °C","0.01 g/L","CPS_Tmp_25_28_Nut0.01_2",0.140414740621307,0.169327753336448,0.0564425844454827,0.131647467299433,1,0.3949424018983,1.57536253377241,0.000172378798750713
"174",0.388734371418485,"Tmp_25_28_Nut0.01","CPS",58,"3","25-28 °C","0.01 g/L","CPS_Tmp_25_28_Nut0.01_3",0.111976083112789,0.169327753336448,0.0564425844454827,0.131647467299433,1,0.3949424018983,1.49475720526294,0.0010543688142837
"175",0.410560553953931,"Tmp_25_28_Nut0.01","LPS",59,"3","25-28 °C","0.01 g/L","LPS_Tmp_25_28_Nut0.01_1",0.0496628435082263,0.150710290308069,0.0502367634360231,0.125441646289974,1,0.376324938869921,1.34633696527877,0.000976177951278218
"176",0.410560553953931,"Tmp_25_28_Nut0.01","LPS",59,"3","25-28 °C","0.01 g/L","LPS_Tmp_25_28_Nut0.01_2",0.0536287588086012,0.150710290308069,0.0502367634360231,0.125441646289974,1,0.376324938869921,1.67553882870902,0.00103091331458122
"177",0.410560553953931,"Tmp_25_28_Nut0.01","LPS",59,"3","25-28 °C","0.01 g/L","LPS_Tmp_25_28_Nut0.01_3",0.0824910130178591,0.150710290308069,0.0502367634360231,0.125441646289974,1,0.376324938869921,1.69904767337022,0.0010876947158623
"178",0,"Tmp_25_28_Nut0.01","DPS",60,"3","25-28 °C","0.01 g/L","DPS_Tmp_25_28_Nut0.01_1",0.0523077429794348,0.145453573321734,0.0484845244405779,0.0484845244405779,3,0.145453573321734,1.52237900893866,0.0010126768793368
"179",0,"Tmp_25_28_Nut0.01","DPS",60,"3","25-28 °C","0.01 g/L","DPS_Tmp_25_28_Nut0.01_2",0.0509814892668146,0.145453573321734,0.0484845244405779,0.0484845244405779,3,0.145453573321734,1.99787666586395,0.00122726179776364
"180",0,"Tmp_25_28_Nut0.01","DPS",60,"3","25-28 °C","0.01 g/L","DPS_Tmp_25_28_Nut0.01_3",0.0554723516361318,0.145453573321734,0.0484845244405779,0.0484845244405779,3,0.145453573321734,1.9955404949333,0.00110248880652456
"181",0.388734371418485,"Tmp_25_28_Nut0.01","CLPS",61,"4","25-28 °C","0.01 g/L","CLPS_Tmp_25_28_Nut0.01_1",0.126062303666288,0.432845367925443,0.108211341981361,0.164615004121824,0,0.658460016487295,1.23768240170911,0.00064757986231874
"182",0.388734371418485,"Tmp_25_28_Nut0.01","CLPS",61,"4","25-28 °C","0.01 g/L","CLPS_Tmp_25_28_Nut0.01_2",0.0794686908977858,0.432845367925443,0.108211341981361,0.164615004121824,0,0.658460016487295,1.9102111797712,0.000765620386435508
"183",0.388734371418485,"Tmp_25_28_Nut0.01","CLPS",61,"4","25-28 °C","0.01 g/L","CLPS_Tmp_25_28_Nut0.01_3",0.0805767799747899,0.432845367925443,0.108211341981361,0.164615004121824,0,0.658460016487295,2.62771806414124,0.000458077363598846
"184",0.388734371418485,"Tmp_25_28_Nut0.01","CDPS",62,"4","25-28 °C","0.01 g/L","CDPS_Tmp_25_28_Nut0.01_1",0.0453964404077744,0.13668150429564,0.03417037607391,0.106897162734777,2,0.427588650939108,1.85091047890338,0.000771269845160898
"185",0.388734371418485,"Tmp_25_28_Nut0.01","CDPS",62,"4","25-28 °C","0.01 g/L","CDPS_Tmp_25_28_Nut0.01_2",0.0519497406299499,0.13668150429564,0.03417037607391,0.106897162734777,2,0.427588650939108,1.99376347593765,0.00144533929171416
"186",0.388734371418485,"Tmp_25_28_Nut0.01","CDPS",62,"4","25-28 °C","0.01 g/L","CDPS_Tmp_25_28_Nut0.01_3",0.0487085439990015,0.13668150429564,0.03417037607391,0.106897162734777,2,0.427588650939108,1.42510535608978,0.00110869897341561
"187",0.388734371418485,"Tmp_25_28_Nut0.01","CDLS",63,"4","25-28 °C","0.01 g/L","CDLS_Tmp_25_28_Nut0.01_1",0.111663479759099,0.444938459769646,0.111234614942411,0.161591731160773,0,0.646366924643092,2.49866552409208,0.000180219542161832
"188",0.388734371418485,"Tmp_25_28_Nut0.01","CDLS",63,"4","25-28 °C","0.01 g/L","CDLS_Tmp_25_28_Nut0.01_2",0.0407043738823625,0.444938459769646,0.111234614942411,0.161591731160773,0,0.646366924643092,2.40378593013215,0.000457220197717478
"189",0.388734371418485,"Tmp_25_28_Nut0.01","CDLS",63,"4","25-28 °C","0.01 g/L","CDLS_Tmp_25_28_Nut0.01_3",0.0853417677119884,0.444938459769646,0.111234614942411,0.161591731160773,0,0.646366924643092,2.47189720286935,0.000668076385441688
"190",0,"Tmp_25_28_Nut0.35","CD",64,"2","25-28 °C","0.35 g/L","CD_Tmp_25_28_Nut0.35_1",0.246233946507883,1.03289895619392,0.516449478096962,0.516449478096962,2,1.03289895619392,1.78254977436977,0.00457417557748547
"191",0,"Tmp_25_28_Nut0.35","CD",64,"2","25-28 °C","0.35 g/L","CD_Tmp_25_28_Nut0.35_2",0.242603213807628,1.03289895619392,0.516449478096962,0.516449478096962,2,1.03289895619392,1.76140115658571,0.00419597114441222
"192",0,"Tmp_25_28_Nut0.35","CD",64,"2","25-28 °C","0.35 g/L","CD_Tmp_25_28_Nut0.35_3",0.268659194765221,1.03289895619392,0.516449478096962,0.516449478096962,2,1.03289895619392,1.86075867060665,0.00381605687645747
"193",0.241392053333718,"Tmp_25_28_Nut0.35","LS",65,"2","25-28 °C","0.35 g/L","LS_Tmp_25_28_Nut0.35_1",0.241306266847588,0.506941396989086,0.253470698494543,0.334126078705641,0,0.668252157411282,0.809035810953295,0.0103180135581485
"194",0.241392053333718,"Tmp_25_28_Nut0.35","LS",65,"2","25-28 °C","0.35 g/L","LS_Tmp_25_28_Nut0.35_2",0.175673978942565,0.506941396989086,0.253470698494543,0.334126078705641,0,0.668252157411282,0.802546209949605,0.00940621930900743
"195",0.241392053333718,"Tmp_25_28_Nut0.35","LS",65,"2","25-28 °C","0.35 g/L","LS_Tmp_25_28_Nut0.35_3",0.17491845636189,0.506941396989086,0.253470698494543,0.334126078705641,0,0.668252157411282,0.713040918665597,0.0125006623482341
"196",0.135860896149908,"Tmp_25_28_Nut0.35","DL",66,"2","25-28 °C","0.35 g/L","DL_Tmp_25_28_Nut0.35_1",0.285400470997629,0.544771955511537,0.272385977755768,0.315210799444416,0,0.630421598888831,1.25108828552396,0.0100277456113271
"197",0.135860896149908,"Tmp_25_28_Nut0.35","DL",66,"2","25-28 °C","0.35 g/L","DL_Tmp_25_28_Nut0.35_2",0.274104183419917,0.544771955511537,0.272385977755768,0.315210799444416,0,0.630421598888831,1.17439099592655,0.00747113813266735
"198",0.135860896149908,"Tmp_25_28_Nut0.35","DL",66,"2","25-28 °C","0.35 g/L","DL_Tmp_25_28_Nut0.35_3",0.339844000308079,0.544771955511537,0.272385977755768,0.315210799444416,0,0.630421598888831,0.987843403364972,0.00946293278737272
"199",0,"Tmp_25_28_Nut0.35","CDS",67,"3","25-28 °C","0.35 g/L","CDS_Tmp_25_28_Nut0.35_1",0.241870833527777,1.11355433640502,0.371184778801674,0.371184778801674,3,1.11355433640502,1.46674966801032,0.00622842158523505
"200",0,"Tmp_25_28_Nut0.35","CDS",67,"3","25-28 °C","0.35 g/L","CDS_Tmp_25_28_Nut0.35_2",0.159646963017589,1.11355433640502,0.371184778801674,0.371184778801674,3,1.11355433640502,1.99955898840836,0.00523948911321923
"201",0,"Tmp_25_28_Nut0.35","CDS",67,"3","25-28 °C","0.35 g/L","CDS_Tmp_25_28_Nut0.35_3",0.176908979884061,1.11355433640502,0.371184778801674,0.371184778801674,3,1.11355433640502,1.27012095003362,0.00799433883205608
"202",0.744891438183382,"Tmp_25_28_Nut0.35","CLP",68,"3","25-28 °C","0.35 g/L","CLP_Tmp_25_28_Nut0.35_1",0.109291244211919,0.440969399018864,0.146989799672955,0.538720984473077,1,1.61616295341923,1.25071408994074,0.0158220329912513
"203",0.744891438183382,"Tmp_25_28_Nut0.35","CLP",68,"3","25-28 °C","0.35 g/L","CLP_Tmp_25_28_Nut0.35_2",0.175831326028352,0.440969399018864,0.146989799672955,0.538720984473077,1,1.61616295341923,1.07794458524056,0.0110483614546801
"204",0.744891438183382,"Tmp_25_28_Nut0.35","CLP",68,"3","25-28 °C","0.35 g/L","CLP_Tmp_25_28_Nut0.35_3",0.0834378320861703,0.440969399018864,0.146989799672955,0.538720984473077,1,1.61616295341923,1.29119281666857,0.0113003973258555
"205",0.241392053333718,"Tmp_25_28_Nut0.35","DLS",69,"3","25-28 °C","0.35 g/L","DLS_Tmp_25_28_Nut0.35_1",0.295468183327408,0.464116575300438,0.154705525100146,0.237025659699977,1,0.71107697909993,1.45938369145587,0.00624810067383968
"206",0.241392053333718,"Tmp_25_28_Nut0.35","DLS",69,"3","25-28 °C","0.35 g/L","DLS_Tmp_25_28_Nut0.35_2",0.183200494064088,0.464116575300438,0.154705525100146,0.237025659699977,1,0.71107697909993,1.35776329547177,0.00574337632763263
"207",0.241392053333718,"Tmp_25_28_Nut0.35","DLS",69,"3","25-28 °C","0.35 g/L","DLS_Tmp_25_28_Nut0.35_3",0.184160558618681,0.464116575300438,0.154705525100146,0.237025659699977,1,0.71107697909993,1.47433352820627,0.00807814239107311
"208",0,"Tmp_25_28_Nut0.35","CDPS",70,"4","25-28 °C","0.35 g/L","CDPS_Tmp_25_28_Nut0.35_1",0.100654619240172,1.15204637811879,0.288011594529698,0.288011594529698,4,1.15204637811879,1.18045575826924,0.0122330654288553
"209",0,"Tmp_25_28_Nut0.35","CDPS",70,"4","25-28 °C","0.35 g/L","CDPS_Tmp_25_28_Nut0.35_2",0.114309647512244,1.15204637811879,0.288011594529698,0.288011594529698,4,1.15204637811879,1.30680553904014,0.0119358038024957
"210",0,"Tmp_25_28_Nut0.35","CDPS",70,"4","25-28 °C","0.35 g/L","CDPS_Tmp_25_28_Nut0.35_3",0.129216503351651,1.15204637811879,0.288011594529698,0.288011594529698,4,1.15204637811879,1.46351678726986,0.00997623891297358
"211",0.744891438183382,"Tmp_25_28_Nut0.35","CDLS",71,"4","25-28 °C","0.35 g/L","CDLS_Tmp_25_28_Nut0.35_1",0.250921726343808,0.525957559204838,0.13148938980121,0.425287778401302,2,1.70115111360521,1.46584189241268,0.00766597127780068
"212",0.744891438183382,"Tmp_25_28_Nut0.35","CDLS",71,"4","25-28 °C","0.35 g/L","CDLS_Tmp_25_28_Nut0.35_2",0.175555623180601,0.525957559204838,0.13148938980121,0.425287778401302,2,1.70115111360521,1.88791423000004,0.00690465771337943
"213",0.744891438183382,"Tmp_25_28_Nut0.35","CDLS",71,"4","25-28 °C","0.35 g/L","CDLS_Tmp_25_28_Nut0.35_3",0.206400238728525,0.525957559204838,0.13148938980121,0.425287778401302,2,1.70115111360521,2.1247992035417,0.00458340863503294
"214",0.241392053333718,"Tmp_25_28_Nut0.35","DLPS",72,"4","25-28 °C","0.35 g/L","DLPS_Tmp_25_28_Nut0.35_1",0.0423191606689808,0.425624533586668,0.106406133396667,0.187392255203425,2,0.7495690208137,1.26852115525949,0.0130256363295473
"215",0.241392053333718,"Tmp_25_28_Nut0.35","DLPS",72,"4","25-28 °C","0.35 g/L","DLPS_Tmp_25_28_Nut0.35_2",0.0628366182738072,0.425624533586668,0.106406133396667,0.187392255203425,2,0.7495690208137,1.17191375230265,0.00914773577878296
"216",0.241392053333718,"Tmp_25_28_Nut0.35","DLPS",72,"4","25-28 °C","0.35 g/L","DLPS_Tmp_25_28_Nut0.35_3",0.0323619009540557,0.425624533586668,0.106406133396667,0.187392255203425,2,0.7495690208137,1.54695199605122,0.0113374728743602
"217",0,"Tmp_25_28_Nut0.75","CS",73,"2","25-28 °C","0.75 g/L","CS_Tmp_25_28_Nut0.75_1",0.447689853675075,1.67326770199255,0.836633850996275,0.836633850996275,2,1.67326770199255,0.895846327170949,0.028853306829171
"218",0,"Tmp_25_28_Nut0.75","CS",73,"2","25-28 °C","0.75 g/L","CS_Tmp_25_28_Nut0.75_2",0.48234162589812,1.67326770199255,0.836633850996275,0.836633850996275,2,1.67326770199255,1.18204456589086,0.0368545280265431
"219",0,"Tmp_25_28_Nut0.75","CS",73,"2","25-28 °C","0.75 g/L","CS_Tmp_25_28_Nut0.75_3",0.609353231209458,1.67326770199255,0.836633850996275,0.836633850996275,2,1.67326770199255,1.25728086464975,0.0244002281664664
"220",0,"Tmp_25_28_Nut0.75","CP",74,"2","25-28 °C","0.75 g/L","CP_Tmp_25_28_Nut0.75_1",0.410640499453637,1.61122368902007,0.805611844510033,0.805611844510033,2,1.61122368902007,1.23685790300335,0.0257363586692586
"221",0,"Tmp_25_28_Nut0.75","CP",74,"2","25-28 °C","0.75 g/L","CP_Tmp_25_28_Nut0.75_2",0.341843362248785,1.61122368902007,0.805611844510033,0.805611844510033,2,1.61122368902007,1.07881669542459,0.0192363285183679
"222",0,"Tmp_25_28_Nut0.75","CP",74,"2","25-28 °C","0.75 g/L","CP_Tmp_25_28_Nut0.75_3",0.305753765394693,1.61122368902007,0.805611844510033,0.805611844510033,2,1.61122368902007,1.03640448949893,0.0241282182458362
"223",0,"Tmp_25_28_Nut0.75","PS",75,"2","25-28 °C","0.75 g/L","PS_Tmp_25_28_Nut0.75_1",0.0317312568382793,0.118662949458957,0.0593314747294784,0.0593314747294784,2,0.118662949458957,1.06935285038343,0.0302435863345399
"224",0,"Tmp_25_28_Nut0.75","PS",75,"2","25-28 °C","0.75 g/L","PS_Tmp_25_28_Nut0.75_2",0.0328369042092107,0.118662949458957,0.0593314747294784,0.0593314747294784,2,0.118662949458957,1.25446816573135,0.0203470391974626
"225",0,"Tmp_25_28_Nut0.75","PS",75,"2","25-28 °C","0.75 g/L","PS_Tmp_25_28_Nut0.75_3",0.0300789911006088,0.118662949458957,0.0593314747294784,0.0593314747294784,2,0.118662949458957,1.27441925371282,0.0198745010502507
"226",0,"Tmp_25_28_Nut0.75","CDS",76,"3","25-28 °C","0.75 g/L","CDS_Tmp_25_28_Nut0.75_1",0.395751618155112,1.71724282274091,0.572414274246971,0.572414274246971,3,1.71724282274091,1.46909479482574,0.019126595398496
"227",0,"Tmp_25_28_Nut0.75","CDS",76,"3","25-28 °C","0.75 g/L","CDS_Tmp_25_28_Nut0.75_2",0.366779808506367,1.71724282274091,0.572414274246971,0.572414274246971,3,1.71724282274091,1.26079367448483,0.0191850626933257
"228",0,"Tmp_25_28_Nut0.75","CDS",76,"3","25-28 °C","0.75 g/L","CDS_Tmp_25_28_Nut0.75_3",0.375923673367901,1.71724282274091,0.572414274246971,0.572414274246971,3,1.71724282274091,1.42448620598931,0.023527437617755
"229",0.433213916965373,"Tmp_25_28_Nut0.75","CLS",77,"3","25-28 °C","0.75 g/L","CLS_Tmp_25_28_Nut0.75_1",0.230308332542557,1.23559438000673,0.411864793335576,0.703647007992791,1,2.11094102397837,1.30688804153665,0.0292743529224575
"230",0.433213916965373,"Tmp_25_28_Nut0.75","CLS",77,"3","25-28 °C","0.75 g/L","CLS_Tmp_25_28_Nut0.75_2",0.425250046548229,1.23559438000673,0.411864793335576,0.703647007992791,1,2.11094102397837,1.228823498541,0.0260238732442038
"231",0.433213916965373,"Tmp_25_28_Nut0.75","CLS",77,"3","25-28 °C","0.75 g/L","CLS_Tmp_25_28_Nut0.75_3",0.26786368425809,1.23559438000673,0.411864793335576,0.703647007992791,1,2.11094102397837,1.23254120290878,0.0339806462735191
"232",0.342230662034153,"Tmp_25_28_Nut0.75","LPS",78,"3","25-28 °C","0.75 g/L","LPS_Tmp_25_28_Nut0.75_1",0.0501430793544829,0.319010372526865,0.106336790842288,0.185445423814926,1,0.556336271444779,1.18813788661861,0.0269604481293923
"233",0.342230662034153,"Tmp_25_28_Nut0.75","LPS",78,"3","25-28 °C","0.75 g/L","LPS_Tmp_25_28_Nut0.75_2",0.0508037785204867,0.319010372526865,0.106336790842288,0.185445423814926,1,0.556336271444779,1.3611499928507,0.0238359997855383
"234",0.342230662034153,"Tmp_25_28_Nut0.75","LPS",78,"3","25-28 °C","0.75 g/L","LPS_Tmp_25_28_Nut0.75_3",0.0518418715904193,0.319010372526865,0.106336790842288,0.185445423814926,1,0.556336271444779,1.16900193022351,0.0216174217640673
"235",0,"Tmp_25_28_Nut0.75","CDPS",79,"4","25-28 °C","0.75 g/L","CDPS_Tmp_25_28_Nut0.75_1",0.142183052737573,1.74555229098415,0.436388072746037,0.436388072746037,4,1.74555229098415,1.33944279948218,0.016592490776882
"236",0,"Tmp_25_28_Nut0.75","CDPS",79,"4","25-28 °C","0.75 g/L","CDPS_Tmp_25_28_Nut0.75_2",0.149591773699414,1.74555229098415,0.436388072746037,0.436388072746037,4,1.74555229098415,1.26446265202955,0.0197526682538381
"237",0,"Tmp_25_28_Nut0.75","CDPS",79,"4","25-28 °C","0.75 g/L","CDPS_Tmp_25_28_Nut0.75_3",0.130135742576888,1.74555229098415,0.436388072746037,0.436388072746037,4,1.74555229098415,1.37634743444258,0.0158802025077821
"238",0.433213916965373,"Tmp_25_28_Nut0.75","CDLP",80,"4","25-28 °C","0.75 g/L","CDLP_Tmp_25_28_Nut0.75_1",0.0938922479611798,1.21752548778261,0.304381371945651,0.523218032938562,2,2.09287213175425,1.28984341889863,0.0160204156793522
"239",0.433213916965373,"Tmp_25_28_Nut0.75","CDLP",80,"4","25-28 °C","0.75 g/L","CDLP_Tmp_25_28_Nut0.75_2",0.091165502215532,1.21752548778261,0.304381371945651,0.523218032938562,2,2.09287213175425,1.21863126421885,0.0135544994932958
"240",0.433213916965373,"Tmp_25_28_Nut0.75","CDLP",80,"4","25-28 °C","0.75 g/L","CDLP_Tmp_25_28_Nut0.75_3",0.10849262536213,1.21752548778261,0.304381371945651,0.523218032938562,2,2.09287213175425,1.2842768449217,0.012308782200581
"241",0.342230662034153,"Tmp_25_28_Nut0.75","DLPS",81,"4","25-28 °C","0.75 g/L","DLPS_Tmp_25_28_Nut0.75_1",0.0273635773915078,0.275035251778504,0.068758812944626,0.150077848048285,2,0.60031139219314,1.07825840551488,0.018905294521114
"242",0.342230662034153,"Tmp_25_28_Nut0.75","DLPS",81,"4","25-28 °C","0.75 g/L","DLPS_Tmp_25_28_Nut0.75_2",0.0325174856459736,0.275035251778504,0.068758812944626,0.150077848048285,2,0.60031139219314,1.16405725197109,0.0185097473836115
"243",0.342230662034153,"Tmp_25_28_Nut0.75","DLPS",81,"4","25-28 °C","0.75 g/L","DLPS_Tmp_25_28_Nut0.75_3",0.0424654379020543,0.275035251778504,0.068758812944626,0.150077848048285,2,0.60031139219314,1.36291209371231,0.0146280184998093
